assigned_who,bug_status_total_edits,resolution_total_edits,bug_status_edits_fixed,resolution_edits_fixed
6,43,43,20.0,23.0
8,1497,1497,691.0,688.0
9,741,741,570.0,571.0
10,1048,1048,511.0,814.0
11,2182,2182,1313.0,949.0
12,239,239,151.0,193.0
13,6121,6121,3443.0,4752.0
14,1356,1356,491.0,359.0
15,2,2,1.0,0.0
16,20,20,9.0,7.0
17,7,7,3.0,0.0
18,772,772,578.0,695.0
20,712,712,423.0,357.0
21,1094,1094,621.0,693.0
23,387,387,221.0,314.0
24,4138,4138,2507.0,1619.0
25,197,197,98.0,158.0
27,5,5,2.0,0.0
28,84,84,45.0,42.0
29,6115,6115,2682.0,5806.0
30,24641,24641,7470.0,21982.0
31,1327,1327,843.0,950.0
32,2382,2382,1685.0,1736.0
33,115,115,65.0,93.0
34,8824,8824,4392.0,4362.0
35,145,145,90.0,97.0
36,37,37,16.0,14.0
37,8486,8486,3371.0,5623.0
38,521,521,225.0,66.0
39,10482,10482,5599.0,6159.0
41,297,297,191.0,203.0
45,248,248,119.0,145.0
46,378,378,172.0,251.0
47,1869,1869,757.0,677.0
48,83,83,47.0,61.0
49,1349,1349,600.0,1313.0
50,280,280,169.0,179.0
51,2696,2696,1490.0,1850.0
52,326,326,254.0,154.0
53,1192,1192,849.0,747.0
54,32690,32690,11088.0,23496.0
55,191,191,118.0,28.0
56,10,10,5.0,4.0
57,1625,1625,879.0,1096.0
58,2487,2487,2208.0,891.0
59,147,147,85.0,118.0
60,497,497,254.0,349.0
61,582,582,417.0,394.0
62,304,304,93.0,213.0
64,315,315,149.0,162.0
65,946,946,757.0,657.0
66,586,586,300.0,245.0
67,765,765,480.0,683.0
68,210,210,110.0,147.0
71,3,3,1.0,0.0
74,4,4,1.0,4.0
75,4,4,2.0,0.0
84,8,8,2.0,0.0
86,2201,2201,1445.0,1924.0
88,311,311,186.0,192.0
91,3,3,1.0,3.0
96,6,6,2.0,0.0
98,3,3,1.0,3.0
100,3,3,1.0,0.0
104,13,13,6.0,7.0
115,6,6,3.0,6.0
117,2,2,1.0,0.0
129,4,4,2.0,4.0
146,6,6,3.0,0.0
225,134,134,51.0,77.0
238,728,728,461.0,653.0
245,2,2,1.0,0.0
246,3,3,1.0,0.0
253,4,4,2.0,0.0
261,125,125,54.0,34.0
265,8,8,4.0,2.0
268,14,14,6.0,4.0
283,2,2,1.0,2.0
293,2,2,1.0,2.0
307,4,4,2.0,4.0
321,2,2,1.0,2.0
329,8,8,3.0,0.0
354,66,66,27.0,53.0
396,2,2,1.0,0.0
401,4,4,2.0,2.0
408,13,13,6.0,2.0
427,2,2,1.0,2.0
454,4,4,2.0,2.0
455,4,4,2.0,4.0
457,16,16,8.0,16.0
460,2138,2138,603.0,1985.0
469,1690,1690,748.0,1650.0
475,8,8,4.0,8.0
479,2,2,1.0,0.0
481,827,827,657.0,599.0
482,6,6,3.0,6.0
495,15,15,9.0,11.0
519,2,2,1.0,0.0
522,8,8,4.0,8.0
523,2,2,1.0,0.0
526,3,3,1.0,3.0
533,2,2,1.0,2.0
536,2,2,1.0,2.0
550,21,21,7.0,14.0
569,6,6,4.0,0.0
574,2,2,1.0,2.0
575,2,2,1.0,0.0
579,5,5,2.0,5.0
580,32,32,12.0,13.0
581,3,3,1.0,0.0
583,45,45,21.0,5.0
590,37,37,17.0,20.0
594,2,2,1.0,0.0
608,2,2,1.0,0.0
626,2,2,1.0,0.0
631,2,2,1.0,2.0
633,10,10,4.0,10.0
634,2,2,1.0,2.0
639,10,10,5.0,4.0
650,2,2,1.0,2.0
651,10,10,4.0,0.0
652,2,2,1.0,2.0
683,3,3,1.0,0.0
692,3,3,1.0,0.0
696,4,4,2.0,2.0
698,200,200,138.0,172.0
709,2,2,1.0,0.0
727,2,2,1.0,2.0
730,11,11,4.0,8.0
737,2,2,1.0,0.0
746,13,13,7.0,12.0
770,6,6,2.0,0.0
773,4,4,2.0,2.0
792,2,2,1.0,0.0
793,2,2,1.0,2.0
796,10,10,5.0,2.0
819,7,7,1.0,0.0
822,2,2,1.0,2.0
826,10,10,3.0,10.0
834,3,3,1.0,0.0
855,2,2,1.0,2.0
870,2,2,1.0,0.0
875,2,2,1.0,0.0
882,2,2,1.0,0.0
884,2,2,1.0,0.0
905,2,2,1.0,0.0
913,3,3,1.0,3.0
933,3,3,1.0,3.0
963,2,2,1.0,0.0
967,116,116,96.0,105.0
980,2,2,1.0,0.0
981,2,2,1.0,0.0
982,2,2,1.0,0.0
1026,6,6,4.0,6.0
1057,2,2,1.0,0.0
1063,2,2,1.0,2.0
1068,1177,1177,788.0,886.0
1109,4,4,2.0,0.0
1120,2,2,1.0,2.0
1121,4,4,2.0,2.0
1148,2,2,1.0,2.0
1155,4,4,2.0,2.0
1169,6,6,2.0,6.0
1186,10,10,5.0,8.0
1247,2,2,1.0,0.0
1249,26,26,8.0,11.0
1252,10,10,4.0,6.0
1256,2,2,1.0,2.0
1269,175,175,87.0,122.0
1294,2,2,1.0,0.0
1306,4,4,1.0,4.0
1322,4,4,1.0,4.0
1343,3,3,1.0,3.0
1347,2,2,1.0,0.0
1360,2,2,1.0,2.0
1406,2,2,1.0,2.0
1409,5,5,2.0,2.0
1428,2,2,1.0,0.0
1474,103,103,51.0,76.0
1497,5,5,2.0,0.0
1536,2,2,1.0,2.0
1545,2,2,1.0,0.0
1546,4,4,2.0,0.0
1552,16,16,8.0,16.0
1555,5,5,2.0,3.0
1562,2,2,1.0,0.0
1564,13,13,4.0,9.0
1584,24,24,12.0,10.0
1607,4,4,2.0,2.0
1608,1,1,0.0,0.0
1626,2,2,1.0,2.0
1633,2,2,1.0,2.0
1701,7,7,3.0,4.0
1715,2,2,1.0,0.0
1754,2,2,1.0,2.0
1760,2117,2117,1127.0,1771.0
1790,8,8,4.0,2.0
1812,4,4,2.0,4.0
1816,2,2,1.0,0.0
1827,2,2,1.0,2.0
1904,1,1,1.0,0.0
1906,541,541,403.0,500.0
1907,454,454,240.0,409.0
1908,3,3,1.0,3.0
1917,2,2,1.0,0.0
1920,2,2,1.0,0.0
1950,2,2,1.0,0.0
1961,303,303,198.0,229.0
1988,8,8,3.0,6.0
2003,2,2,1.0,0.0
2054,2,2,1.0,2.0
2066,2,2,1.0,0.0
2077,4,4,2.0,0.0
2098,2,2,1.0,0.0
2124,1039,1039,564.0,948.0
2153,2,2,1.0,0.0
2161,2,2,1.0,2.0
2176,6,6,3.0,4.0
2181,2,2,1.0,0.0
2184,469,469,239.0,353.0
2186,2,2,1.0,2.0
2200,2,2,1.0,0.0
2202,5,5,2.0,0.0
2207,6,6,3.0,0.0
2235,3,3,1.0,3.0
2253,7,7,3.0,0.0
2268,3,3,1.0,0.0
2273,8,8,4.0,4.0
2279,2,2,1.0,0.0
2294,2,2,1.0,2.0
2373,2,2,1.0,0.0
2386,2,2,1.0,0.0
2389,4,4,2.0,4.0
2408,2,2,1.0,2.0
2409,8,8,4.0,4.0
2445,2,2,1.0,0.0
2478,593,593,291.0,374.0
2518,2,2,1.0,0.0
2521,2,2,1.0,0.0
2557,5,5,2.0,0.0
2564,2,2,1.0,2.0
2599,2,2,1.0,0.0
2624,41,41,18.0,17.0
2626,2,2,1.0,0.0
2631,2,2,1.0,2.0
2642,3,3,1.0,0.0
2643,2,2,1.0,0.0
2647,2,2,1.0,0.0
2676,5,5,2.0,0.0
2699,3,3,1.0,0.0
2719,2,2,1.0,2.0
2723,14,14,6.0,0.0
2727,2,2,1.0,2.0
2733,4,4,2.0,4.0
2737,51,51,26.0,15.0
2739,2,2,1.0,0.0
2767,2,2,1.0,0.0
2768,2,2,1.0,0.0
2769,2,2,1.0,0.0
2775,22,22,8.0,6.0
2791,4,4,2.0,4.0
2792,2,2,1.0,2.0
2834,2,2,1.0,0.0
2859,4,4,2.0,4.0
2864,2,2,1.0,0.0
2897,2,2,1.0,0.0
2899,2,2,1.0,2.0
2905,2,2,1.0,0.0
2926,3,3,1.0,0.0
2945,3,3,1.0,0.0
2950,5,5,2.0,5.0
2992,2,2,1.0,2.0
3045,2,2,1.0,0.0
3050,2,2,1.0,2.0
3062,7,7,2.0,0.0
3065,2,2,1.0,0.0
3077,4,4,2.0,0.0
3126,4,4,2.0,4.0
3152,8,8,4.0,8.0
3155,6,6,4.0,6.0
3168,3,3,1.0,0.0
3178,2,2,1.0,2.0
3181,2,2,1.0,0.0
3195,2,2,0.0,0.0
3205,2,2,1.0,2.0
3240,2,2,1.0,0.0
3262,2,2,1.0,0.0
3304,2,2,1.0,2.0
3351,2,2,1.0,2.0
3362,4,4,2.0,2.0
3433,2,2,1.0,0.0
3458,2,2,1.0,0.0
3474,2,2,1.0,0.0
3481,380,380,217.0,323.0
3506,2,2,1.0,0.0
3535,3,3,1.0,3.0
3541,6,6,3.0,0.0
3551,6,6,2.0,6.0
3584,2,2,1.0,2.0
3585,4,4,2.0,4.0
3587,4,4,2.0,2.0
3591,2,2,1.0,0.0
3599,6,6,3.0,0.0
3602,12,12,6.0,0.0
3603,2,2,1.0,2.0
3604,2,2,1.0,2.0
3611,2,2,1.0,0.0
3614,2,2,1.0,0.0
3636,2,2,1.0,0.0
3646,3,3,1.0,0.0
3681,2,2,1.0,0.0
3686,2,2,1.0,2.0
3693,2,2,1.0,2.0
3704,2,2,1.0,2.0
3716,68,68,44.0,47.0
3719,3,3,1.0,3.0
3722,4,4,2.0,0.0
3798,2,2,1.0,0.0
3805,2,2,1.0,0.0
3927,2,2,1.0,2.0
3930,2,2,1.0,2.0
3942,3,3,2.0,3.0
3943,4,4,2.0,4.0
3945,2,2,1.0,2.0
3968,2,2,1.0,2.0
3985,4,4,2.0,2.0
3992,2,2,1.0,0.0
4010,2,2,1.0,0.0
4032,5,5,2.0,0.0
4098,2,2,1.0,0.0
4117,2,2,1.0,0.0
4153,2,2,1.0,2.0
4173,3,3,1.0,0.0
4174,2,2,1.0,0.0
4192,3,3,1.0,3.0
4224,6,6,3.0,0.0
4255,2,2,1.0,0.0
4284,2,2,1.0,2.0
4304,2,2,1.0,2.0
4311,5,5,2.0,2.0
4312,2,2,1.0,2.0
4343,2,2,1.0,2.0
4353,2,2,1.0,0.0
4355,2,2,1.0,0.0
4371,3,3,1.0,0.0
4384,2,2,1.0,2.0
4413,2,2,1.0,2.0
4435,2,2,1.0,0.0
4438,653,653,286.0,529.0
4440,202,202,115.0,181.0
4456,27,27,18.0,24.0
4476,2,2,1.0,0.0
4487,2,2,1.0,0.0
4502,1860,1860,1145.0,1465.0
4517,2,2,1.0,0.0
4525,3,3,1.0,3.0
4535,2,2,1.0,0.0
4549,2,2,1.0,2.0
4579,2,2,1.0,0.0
4650,2,2,1.0,0.0
4676,37,37,17.0,26.0
4688,2,2,1.0,0.0
4701,3,3,1.0,0.0
4731,2,2,1.0,0.0
4736,2,2,1.0,0.0
4764,2,2,1.0,2.0
4769,2,2,1.0,2.0
4787,5,5,2.0,3.0
4803,8,8,4.0,4.0
4804,31,31,25.0,27.0
4807,7,7,3.0,0.0
4850,2,2,1.0,0.0
4861,3420,3420,1736.0,1928.0
4870,2,2,1.0,0.0
4891,3,3,1.0,0.0
4896,2,2,1.0,0.0
4898,26,26,13.0,13.0
4911,2,2,1.0,0.0
4941,2,2,1.0,0.0
4949,2,2,1.0,0.0
4955,2,2,1.0,2.0
4976,2,2,0.0,0.0
4982,4,4,2.0,4.0
4985,14,14,8.0,10.0
5019,2,2,1.0,0.0
5111,2,2,1.0,2.0
5116,2,2,1.0,2.0
5164,2,2,1.0,0.0
5172,4,4,1.0,0.0
5213,2,2,1.0,2.0
5215,2,2,1.0,0.0
5240,9,9,4.0,4.0
5257,4,4,2.0,4.0
5318,2,2,1.0,2.0
5382,2,2,1.0,2.0
5385,3,3,1.0,3.0
5409,2,2,1.0,2.0
5452,2,2,1.0,0.0
5470,394,394,316.0,303.0
5481,2,2,1.0,2.0
5491,4,4,2.0,0.0
5497,2,2,1.0,2.0
5521,2,2,1.0,2.0
5539,3,3,1.0,0.0
5544,221,221,146.0,206.0
5571,45,45,22.0,39.0
5586,395,395,214.0,313.0
5589,2,2,1.0,0.0
5590,40,40,20.0,32.0
5624,984,984,522.0,644.0
5633,3,3,1.0,0.0
5695,2,2,1.0,0.0
5718,6,6,3.0,4.0
5751,2,2,1.0,0.0
5755,2,2,1.0,0.0
5778,2,2,1.0,0.0
5803,2,2,1.0,0.0
5806,2,2,1.0,2.0
5845,2,2,1.0,2.0
5849,3,3,1.0,0.0
5871,3,3,1.0,0.0
5892,482,482,217.0,456.0
5894,2,2,1.0,2.0
5923,102,102,76.0,88.0
5942,3,3,1.0,0.0
5947,6,6,3.0,2.0
6026,3,3,1.0,0.0
6083,2,2,1.0,0.0
6115,8,8,4.0,0.0
6121,2,2,1.0,0.0
6210,10,10,5.0,4.0
6242,2,2,1.0,0.0
6259,10,10,4.0,5.0
6263,3,3,1.0,3.0
6269,3,3,1.0,3.0
6333,4,4,2.0,4.0
6367,2,2,1.0,0.0
6396,2,2,1.0,0.0
6457,6,6,3.0,4.0
6462,3,3,1.0,0.0
6464,2,2,1.0,0.0
6465,19,19,8.0,0.0
6500,3,3,1.0,0.0
6534,2,2,1.0,0.0
6535,2,2,1.0,0.0
6552,689,689,284.0,648.0
6555,2,2,1.0,0.0
6573,2,2,1.0,2.0
6607,4,4,2.0,2.0
6654,2,2,1.0,2.0
6669,2,2,1.0,0.0
6673,32,32,19.0,28.0
6676,6,6,3.0,0.0
6729,2,2,1.0,0.0
6748,3,3,1.0,3.0
6749,2,2,1.0,0.0
6761,2,2,1.0,0.0
6785,3,3,1.0,3.0
6808,29,29,18.0,21.0
6816,3,3,1.0,0.0
6830,6,6,3.0,2.0
6840,4,4,2.0,4.0
6876,2,2,1.0,2.0
6887,12,12,6.0,4.0
6916,2,2,1.0,2.0
6919,2,2,1.0,0.0
6946,6,6,2.0,6.0
6965,3,3,2.0,3.0
6974,2,2,1.0,0.0
6985,5,5,2.0,2.0
7102,2,2,1.0,2.0
7111,2,2,1.0,0.0
7120,2,2,1.0,2.0
7212,2,2,1.0,0.0
7223,4,4,1.0,0.0
7238,23,23,11.0,19.0
7241,2,2,1.0,0.0
7266,2,2,1.0,0.0
7435,2,2,1.0,2.0
7472,2,2,1.0,0.0
7518,2,2,1.0,2.0
7525,2,2,1.0,0.0
7543,4,4,2.0,2.0
7557,2,2,1.0,0.0
7628,2,2,1.0,0.0
7667,2,2,1.0,0.0
7700,2,2,1.0,0.0
7709,2,2,1.0,0.0
7714,2,2,1.0,0.0
7721,4,4,1.0,0.0
7728,2,2,1.0,0.0
7729,2,2,1.0,0.0
7746,2,2,1.0,0.0
7773,10,10,4.0,0.0
7814,2,2,1.0,2.0
7859,2,2,1.0,0.0
7860,2,2,1.0,2.0
7919,4087,4087,1659.0,3858.0
7920,93,93,33.0,81.0
7931,2,2,1.0,0.0
7995,2,2,1.0,0.0
8011,1646,1646,953.0,1577.0
8052,2,2,1.0,2.0
8067,2,2,1.0,0.0
8081,76,76,36.0,16.0
8112,2,2,1.0,2.0
8126,536,536,285.0,466.0
8129,17,17,5.0,14.0
8130,2,2,1.0,0.0
8132,2,2,1.0,0.0
8134,2,2,1.0,0.0
8174,2,2,1.0,2.0
8225,34,34,18.0,28.0
8236,2,2,1.0,0.0
8268,6,6,3.0,0.0
8272,2,2,1.0,0.0
8296,2,2,1.0,0.0
8338,2,2,1.0,0.0
8367,2,2,1.0,2.0
8372,57,57,35.0,51.0
8388,3221,3221,1287.0,3040.0
8423,2,2,1.0,2.0
8457,2,2,1.0,0.0
8493,2,2,1.0,2.0
8509,417,417,218.0,390.0
8514,4,4,2.0,0.0
8522,2,2,1.0,2.0
8548,9,9,4.0,5.0
8551,2,2,1.0,0.0
8567,2,2,1.0,2.0
8569,2,2,1.0,2.0
8574,2,2,1.0,2.0
8586,7,7,2.0,0.0
8601,5,5,2.0,0.0
8640,2,2,1.0,0.0
8644,2,2,1.0,2.0
8667,2,2,1.0,0.0
8691,2,2,1.0,2.0
8693,4,4,2.0,0.0
8707,423,423,296.0,348.0
8721,2,2,1.0,0.0
8731,30,30,15.0,2.0
8745,2,2,1.0,2.0
8759,3,3,1.0,3.0
8792,2,2,1.0,0.0
8799,2,2,1.0,0.0
8826,638,638,422.0,277.0
8846,2,2,1.0,0.0
8956,2,2,0.0,0.0
8962,3,3,1.0,0.0
8998,2,2,1.0,2.0
8999,4,4,2.0,0.0
9013,2,2,1.0,0.0
9066,2,2,1.0,2.0
9094,8,8,4.0,0.0
9118,2,2,1.0,2.0
9129,2,2,1.0,0.0
9149,2,2,1.0,0.0
9227,9,9,3.0,4.0
9264,2,2,1.0,2.0
9275,2,2,1.0,0.0
9297,5,5,1.0,0.0
9299,2,2,1.0,0.0
9339,2,2,1.0,0.0
9342,146,146,105.0,131.0
9355,2,2,1.0,0.0
9394,2,2,1.0,0.0
9421,2,2,1.0,2.0
9429,4,4,2.0,2.0
9449,13,13,4.0,9.0
9473,4,4,1.0,0.0
9485,2,2,1.0,0.0
9487,3,3,1.0,3.0
9496,2,2,1.0,0.0
9514,4,4,1.0,4.0
9557,2,2,1.0,0.0
9571,2,2,1.0,0.0
9577,2,2,1.0,2.0
9603,4,4,2.0,2.0
9640,2,2,0.0,0.0
9648,2,2,1.0,0.0
9660,3,3,1.0,0.0
9672,2,2,1.0,2.0
9681,64,64,24.0,44.0
9687,2,2,1.0,0.0
9706,2,2,1.0,0.0
9755,2,2,1.0,0.0
9810,3,3,1.0,0.0
9831,2,2,1.0,2.0
9867,3,3,1.0,0.0
9874,2,2,1.0,2.0
9923,2,2,1.0,0.0
9941,2,2,1.0,0.0
9957,12,12,7.0,5.0
9981,2,2,1.0,2.0
10031,2,2,1.0,0.0
10089,2,2,1.0,0.0
10099,5,5,2.0,5.0
10135,55,55,33.0,53.0
10202,2,2,1.0,0.0
10208,4,4,2.0,0.0
10253,2,2,1.0,0.0
10262,4,4,2.0,4.0
10275,2,2,1.0,0.0
10289,2,2,1.0,2.0
10290,3,3,1.0,3.0
10302,2,2,1.0,2.0
10304,2,2,1.0,0.0
10312,2,2,1.0,0.0
10319,435,435,284.0,324.0
10333,3,3,1.0,0.0
10338,2,2,1.0,2.0
10429,2,2,1.0,0.0
10430,2,2,1.0,2.0
10465,9,9,4.0,4.0
10536,2,2,1.0,2.0
10539,3,3,1.0,3.0
10577,541,541,335.0,483.0
10606,2,2,1.0,0.0
10652,2,2,1.0,2.0
10654,2,2,1.0,0.0
10668,2,2,1.0,0.0
10674,4,4,2.0,0.0
10714,2,2,1.0,2.0
10732,2,2,1.0,0.0
10736,2,2,1.0,0.0
10743,2,2,1.0,2.0
10787,3,3,1.0,3.0
10914,3,3,1.0,0.0
10953,2,2,1.0,2.0
10960,2,2,1.0,0.0
10976,2,2,1.0,0.0
11003,2,2,1.0,0.0
11018,2,2,1.0,2.0
11067,2,2,1.0,0.0
11074,2,2,1.0,0.0
11081,6,6,3.0,0.0
11094,2,2,1.0,0.0
11129,2,2,1.0,2.0
11171,2,2,0.0,0.0
11375,4,4,2.0,4.0
11376,2,2,1.0,2.0
11398,2,2,1.0,2.0
11401,2,2,1.0,0.0
11406,2,2,1.0,2.0
11409,2,2,1.0,0.0
11496,2,2,1.0,2.0
11509,2,2,1.0,2.0
11535,2,2,1.0,2.0
11614,2,2,0.0,0.0
11670,2508,2508,1396.0,2439.0
11694,2,2,1.0,2.0
11712,2,2,1.0,0.0
11791,2,2,1.0,2.0
11814,2,2,1.0,2.0
11842,2,2,1.0,2.0
11863,2,2,1.0,2.0
11995,385,385,284.0,370.0
12037,3,3,1.0,3.0
12075,3,3,1.0,0.0
12154,2,2,1.0,0.0
12198,4,4,1.0,4.0
12205,2,2,1.0,0.0
12297,2,2,1.0,0.0
12304,2,2,1.0,0.0
12313,2,2,1.0,0.0
12320,2,2,1.0,0.0
12481,2,2,1.0,0.0
12507,2,2,1.0,0.0
12528,2,2,1.0,0.0
12561,2,2,1.0,0.0
12569,6,6,3.0,2.0
12633,1396,1396,745.0,1289.0
12674,2,2,1.0,0.0
12686,7,7,3.0,7.0
12687,54,54,27.0,42.0
12817,2,2,1.0,0.0
12825,976,976,581.0,750.0
12828,1489,1489,1000.0,1289.0
12856,2,2,1.0,0.0
12960,2,2,1.0,2.0
13001,67,67,25.0,33.0
13044,2,2,1.0,0.0
13064,2,2,1.0,0.0
13129,2,2,1.0,2.0
13170,2,2,1.0,2.0
13258,3,3,1.0,3.0
13332,2,2,1.0,2.0
13396,8,8,4.0,2.0
13439,3,3,1.0,3.0
13493,2,2,1.0,0.0
13505,2,2,1.0,0.0
13523,2,2,1.0,0.0
13566,2,2,1.0,0.0
13574,2,2,1.0,2.0
13576,2,2,1.0,2.0
13604,2,2,1.0,0.0
13790,490,490,273.0,453.0
13809,2,2,1.0,0.0
13874,4,4,2.0,0.0
14012,2,2,1.0,0.0
14023,2,2,1.0,0.0
14048,6,6,3.0,0.0
14067,2,2,1.0,0.0
14118,2,2,1.0,0.0
14155,2,2,1.0,2.0
14188,2,2,1.0,0.0
14230,2,2,1.0,0.0
14306,8,8,3.0,4.0
14324,2,2,1.0,0.0
14348,2,2,1.0,0.0
14354,2,2,1.0,2.0
14378,6,6,3.0,0.0
14445,8,8,2.0,3.0
14450,3,3,1.0,0.0
14512,4,4,2.0,0.0
14540,2,2,1.0,0.0
14616,3,3,1.0,3.0
14665,2,2,1.0,2.0
14689,4,4,1.0,0.0
14690,12,12,4.0,12.0
14712,2,2,1.0,0.0
14717,2,2,1.0,0.0
14732,2,2,1.0,0.0
14785,3,3,1.0,3.0
14845,5,5,2.0,3.0
14881,2,2,1.0,0.0
14967,2,2,1.0,0.0
15028,8,8,4.0,4.0
15049,6,6,3.0,6.0
15057,2,2,1.0,0.0
15081,2,2,1.0,0.0
15098,528,528,356.0,501.0
15119,23,23,12.0,20.0
15157,704,704,439.0,638.0
15195,2,2,1.0,2.0
15209,8,8,4.0,4.0
15235,2,2,1.0,2.0
15239,2,2,1.0,2.0
15294,4,4,2.0,4.0
15308,2,2,1.0,0.0
15322,2,2,1.0,2.0
15346,3,3,0.0,0.0
15423,1881,1881,1296.0,1810.0
15434,102,102,45.0,52.0
15471,2,2,1.0,0.0
15485,2,2,1.0,2.0
15486,3,3,1.0,0.0
15548,2,2,1.0,2.0
15578,2,2,1.0,0.0
15633,2,2,0.0,0.0
15661,2,2,1.0,0.0
15710,2,2,1.0,0.0
15767,46,46,19.0,44.0
15782,2,2,1.0,2.0
15799,4,4,2.0,4.0
15801,2,2,1.0,0.0
15833,3,3,1.0,3.0
15859,2,2,0.0,0.0
15869,269,269,104.0,239.0
15916,2,2,1.0,2.0
15919,2,2,1.0,0.0
15968,2,2,1.0,0.0
16021,1,1,1.0,0.0
16059,2,2,1.0,2.0
16082,9,9,3.0,9.0
16087,2,2,1.0,0.0
16088,2,2,1.0,0.0
16102,2,2,1.0,0.0
16199,2,2,1.0,2.0
16221,2,2,1.0,2.0
16260,2,2,1.0,2.0
16356,3,3,1.0,3.0
16391,2,2,1.0,0.0
16394,2,2,1.0,0.0
16455,5,5,2.0,0.0
16457,8,8,2.0,8.0
16482,2,2,1.0,0.0
16489,316,316,241.0,267.0
16495,4,4,2.0,2.0
16514,2,2,1.0,2.0
16556,2,2,1.0,2.0
16596,2,2,1.0,2.0
16601,2,2,1.0,0.0
16622,3,3,1.0,3.0
16734,2,2,1.0,0.0
16750,2,2,1.0,0.0
16756,35,35,14.0,33.0
16935,2,2,1.0,0.0
17002,2,2,1.0,2.0
17038,2,2,1.0,0.0
17092,255,255,112.0,141.0
17212,2683,2683,1748.0,2099.0
17230,2,2,1.0,0.0
17291,2,2,1.0,2.0
17340,3,3,1.0,3.0
17349,2,2,1.0,0.0
17355,67,67,47.0,51.0
17390,14,14,5.0,10.0
17391,479,479,296.0,429.0
17407,6,6,3.0,4.0
17468,5,5,3.0,1.0
17500,57,57,38.0,45.0
17520,2,2,1.0,0.0
17629,2,2,1.0,2.0
17639,2,2,1.0,0.0
17650,2,2,1.0,2.0
17720,57,57,31.0,44.0
17816,2,2,1.0,0.0
17859,4,4,2.0,0.0
17871,3,3,1.0,0.0
17918,2,2,1.0,0.0
17923,39,39,19.0,39.0
17995,6,6,2.0,3.0
18076,3,3,1.0,3.0
18097,10,10,4.0,10.0
18181,2,2,1.0,0.0
18218,6,6,2.0,0.0
18241,4,4,2.0,2.0
18295,4,4,2.0,4.0
18418,2,2,1.0,2.0
18439,4,4,1.0,4.0
18442,2,2,1.0,0.0
18462,4,4,2.0,0.0
18482,2,2,1.0,2.0
18539,3,3,1.0,3.0
18647,2,2,1.0,0.0
18659,2,2,1.0,0.0
18686,2,2,1.0,0.0
18767,5,5,0.0,5.0
18770,2,2,1.0,0.0
18788,2,2,1.0,0.0
18817,3,3,1.0,3.0
18928,3,3,1.0,0.0
18996,2,2,1.0,0.0
19005,2,2,1.0,0.0
19092,2,2,1.0,2.0
19291,2,2,1.0,2.0
19299,2,2,1.0,0.0
19309,2,2,1.0,0.0
19539,2,2,1.0,0.0
19560,2,2,1.0,2.0
19587,4,4,2.0,0.0
19590,3,3,1.0,0.0
19597,2,2,1.0,0.0
19683,4,4,2.0,4.0
19725,2,2,1.0,0.0
19777,11,11,4.0,2.0
19876,2,2,1.0,0.0
19886,3989,3989,1788.0,3769.0
19894,3,3,1.0,3.0
19964,2,2,1.0,0.0
20026,2,2,0.0,0.0
20036,2,2,1.0,0.0
20111,6,6,2.0,3.0
20206,2,2,1.0,2.0
20215,109,109,68.0,87.0
20301,3,3,0.0,0.0
20324,2,2,1.0,0.0
20404,14,14,7.0,0.0
20410,2,2,1.0,0.0
20465,2,2,1.0,0.0
20493,810,810,438.0,726.0
20583,2,2,1.0,2.0
20799,149,149,47.0,86.0
20805,4,4,2.0,0.0
20886,3,3,1.0,3.0
20891,2,2,1.0,0.0
20932,1,1,0.0,1.0
20938,2,2,1.0,0.0
20953,6,6,3.0,0.0
21002,2,2,1.0,0.0
21107,37,37,17.0,31.0
21188,2,2,1.0,0.0
21232,3,3,1.0,0.0
21269,2,2,1.0,0.0
21316,3,3,1.0,3.0
21411,2,2,1.0,0.0
21459,2,2,1.0,2.0
21489,2,2,1.0,0.0
21533,3,3,1.0,0.0
21638,3,3,1.0,3.0
21666,2,2,1.0,0.0
21796,8,8,4.0,4.0
21935,2,2,1.0,0.0
21947,2,2,1.0,2.0
21956,3,3,1.0,0.0
21962,2,2,1.0,2.0
22131,470,470,167.0,449.0
22148,5,5,2.0,0.0
22181,2,2,1.0,0.0
22218,2,2,1.0,0.0
22322,6,6,1.0,4.0
22363,2,2,1.0,0.0
22383,2,2,1.0,0.0
22456,2,2,1.0,2.0
22465,2,2,1.0,0.0
22489,10,10,5.0,4.0
22517,2,2,1.0,2.0
22647,3,3,1.0,3.0
22759,5,5,1.0,0.0
22789,2,2,1.0,2.0
22874,2,2,0.0,2.0
22915,2,2,0.0,2.0
22951,2,2,1.0,0.0
22980,2,2,1.0,2.0
23004,2,2,0.0,0.0
23080,2,2,1.0,0.0
23232,2,2,1.0,0.0
23274,27,27,10.0,27.0
23331,2,2,1.0,0.0
23382,7,7,3.0,0.0
23389,2,2,1.0,0.0
23691,2,2,1.0,0.0
23758,8,8,3.0,6.0
23845,2,2,1.0,0.0
23914,2,2,1.0,0.0
23984,2,2,1.0,0.0
24088,4,4,2.0,4.0
24219,4,4,2.0,2.0
24320,14,14,7.0,10.0
24368,2,2,1.0,0.0
24384,2,2,1.0,2.0
24400,2,2,1.0,0.0
24401,2,2,1.0,0.0
24435,26,26,6.0,24.0
24505,2,2,1.0,0.0
24635,2,2,1.0,0.0
24640,3,3,1.0,3.0
24646,2,2,1.0,0.0
24687,2,2,1.0,0.0
24698,217,217,98.0,215.0
24739,2,2,1.0,2.0
24774,2,2,1.0,0.0
24792,2,2,1.0,2.0
24794,3,3,1.0,0.0
24844,3,3,1.0,0.0
24849,2,2,1.0,0.0
24912,366,366,210.0,341.0
24973,4,4,2.0,4.0
25013,2,2,1.0,2.0
25111,3,3,1.0,0.0
25126,2,2,1.0,0.0
25196,2,2,1.0,2.0
25209,2,2,1.0,2.0
25221,2,2,1.0,2.0
25273,2,2,1.0,2.0
25274,2,2,1.0,0.0
25316,2,2,1.0,0.0
25388,5,5,2.0,5.0
25554,2,2,1.0,0.0
25606,219,219,118.0,218.0
25632,2,2,1.0,2.0
25633,2,2,0.0,2.0
25639,2,2,1.0,0.0
25640,2,2,1.0,0.0
25826,2,2,1.0,0.0
25827,2,2,1.0,2.0
25940,5,5,2.0,3.0
25946,14,14,7.0,0.0
25949,2,2,1.0,2.0
25976,2,2,1.0,0.0
25978,2,2,1.0,0.0
26153,5,5,2.0,0.0
26163,533,533,309.0,484.0
26186,3,3,1.0,0.0
26188,3,3,1.0,3.0
26237,3,3,1.0,0.0
26241,3,3,1.0,3.0
26265,2,2,1.0,2.0
26295,2,2,1.0,2.0
26314,2,2,1.0,0.0
26539,3,3,1.0,3.0
26550,11,11,6.0,4.0
26610,1,1,0.0,0.0
26615,2,2,1.0,2.0
26646,2,2,1.0,0.0
26657,4,4,1.0,4.0
26674,2,2,1.0,2.0
26682,3,3,1.0,0.0
26694,3,3,1.0,3.0
26705,4,4,4.0,4.0
26706,895,895,493.0,763.0
26748,6,6,3.0,4.0
26858,2,2,1.0,0.0
26900,2,2,1.0,0.0
26961,2,2,1.0,0.0
27012,2,2,1.0,2.0
27015,2,2,1.0,0.0
27020,2,2,1.0,2.0
27134,2,2,1.0,0.0
27203,5,5,2.0,3.0
27225,2,2,1.0,2.0
27331,2,2,0.0,0.0
27351,3,3,1.0,3.0
27357,3,3,1.0,3.0
27499,2,2,1.0,2.0
27608,1,1,0.0,1.0
27609,281,281,186.0,253.0
27725,10,10,5.0,4.0
27752,2,2,1.0,0.0
27791,2,2,1.0,0.0
27808,2,2,1.0,0.0
27819,2,2,1.0,0.0
27843,2,2,1.0,0.0
27917,4,4,2.0,0.0
27920,3,3,1.0,3.0
27998,4,4,2.0,0.0
28126,4,4,2.0,4.0
28191,2,2,1.0,2.0
28204,3,3,1.0,3.0
28236,2,2,1.0,0.0
28276,4,4,1.0,0.0
28331,2,2,1.0,2.0
28374,3,3,1.0,0.0
28402,2,2,1.0,0.0
28443,6,6,2.0,6.0
28595,3,3,1.0,0.0
28617,82,82,45.0,20.0
28669,2,2,1.0,2.0
28702,2,2,1.0,2.0
28753,2,2,0.0,0.0
28789,116,116,78.0,110.0
28847,2,2,1.0,0.0
28855,2,2,1.0,0.0
28910,2,2,1.0,2.0
28960,2,2,1.0,2.0
29061,2,2,1.0,0.0
29189,489,489,223.0,470.0
29308,2,2,1.0,0.0
29309,2,2,1.0,2.0
29492,2,2,1.0,0.0
29530,2,2,1.0,0.0
29708,2,2,0.0,0.0
29781,2,2,1.0,0.0
29915,2,2,1.0,0.0
29942,9,9,3.0,4.0
29963,2,2,1.0,2.0
30015,2,2,1.0,0.0
30064,3,3,1.0,0.0
30115,10,10,5.0,2.0
30236,2,2,1.0,0.0
30386,3,3,1.0,0.0
30407,2,2,1.0,0.0
30441,3,3,1.0,3.0
30445,2,2,1.0,2.0
30510,2,2,1.0,2.0
30629,2,2,1.0,0.0
30638,3,3,1.0,0.0
30665,2,2,1.0,2.0
30679,2,2,1.0,2.0
30791,70,70,25.0,68.0
30960,260,260,196.0,255.0
30971,2,2,1.0,2.0
31108,4,4,1.0,0.0
31112,2,2,1.0,0.0
31115,585,585,282.0,581.0
31216,2,2,1.0,2.0
31299,2,2,1.0,2.0
31322,2,2,1.0,0.0
31345,20,20,6.0,0.0
31355,2,2,1.0,0.0
31421,2,2,1.0,2.0
31499,2,2,1.0,0.0
31519,2,2,1.0,0.0
31529,2,2,1.0,0.0
31587,2,2,1.0,0.0
31602,2,2,1.0,0.0
31610,6,6,3.0,0.0
31637,2,2,0.0,0.0
31639,3,3,1.0,0.0
31732,68,68,31.0,65.0
31741,92,92,62.0,84.0
31781,2,2,1.0,0.0
32241,2,2,1.0,0.0
32369,2,2,1.0,0.0
32400,2,2,1.0,0.0
32503,1825,1825,1115.0,1683.0
32820,2,2,1.0,0.0
32855,2,2,1.0,0.0
33183,2,2,1.0,0.0
33497,2,2,1.0,2.0
33706,4,4,2.0,2.0
33777,2,2,1.0,0.0
33814,2,2,1.0,2.0
33952,2,2,1.0,0.0
34008,5,5,2.0,0.0
34016,2,2,1.0,0.0
34140,2,2,1.0,2.0
34165,2,2,1.0,0.0
34211,159,159,90.0,133.0
34419,2,2,1.0,0.0
34537,2,2,1.0,0.0
34653,1207,1207,586.0,1144.0
34687,4,4,1.0,4.0
34863,2,2,1.0,0.0
34958,2,2,1.0,0.0
35004,5,5,2.0,3.0
35266,3,3,1.0,0.0
35307,4,4,2.0,4.0
35345,2,2,1.0,2.0
35350,3,3,1.0,3.0
35352,2,2,1.0,2.0
35433,2,2,1.0,0.0
35599,2,2,1.0,0.0
35607,5,5,2.0,5.0
35645,2,2,1.0,0.0
35700,4,4,1.0,0.0
35894,3,3,1.0,0.0
36061,2,2,1.0,2.0
36287,2,2,1.0,2.0
36407,3,3,1.0,3.0
36444,9,9,4.0,7.0
36645,165,165,57.0,161.0
36666,1506,1506,655.0,1492.0
36686,2,2,1.0,0.0
36696,2,2,1.0,0.0
36705,2,2,1.0,0.0
36983,3,3,1.0,0.0
37148,4,4,2.0,0.0
37190,35,35,0.0,32.0
37378,2,2,1.0,2.0
37403,2,2,0.0,0.0
37419,2,2,1.0,0.0
37429,2,2,1.0,2.0
37635,2,2,1.0,2.0
37677,2,2,1.0,2.0
37691,3,3,1.0,0.0
37721,2,2,1.0,0.0
37869,7,7,3.0,7.0
37870,2,2,1.0,2.0
37913,2,2,1.0,0.0
37961,2,2,1.0,0.0
37991,6,6,2.0,0.0
38049,2,2,1.0,2.0
38141,2,2,1.0,0.0
38324,2,2,1.0,0.0
38342,2,2,1.0,2.0
38625,2,2,1.0,2.0
38823,2,2,1.0,0.0
38962,2,2,1.0,2.0
39075,2,2,1.0,0.0
39101,2,2,1.0,2.0
39125,6,6,3.0,4.0
39237,2,2,1.0,2.0
39629,2,2,1.0,2.0
39763,3,3,1.0,0.0
40370,8,8,3.0,3.0
40374,2,2,1.0,2.0
40527,2,2,0.0,0.0
40619,2,2,1.0,0.0
40678,2,2,1.0,2.0
40725,2,2,1.0,0.0
40765,8,8,2.0,0.0
40793,2,2,1.0,0.0
40832,4,4,2.0,4.0
40920,2,2,1.0,2.0
41029,2,2,1.0,0.0
41137,3,3,1.0,0.0
41151,4,4,2.0,0.0
41344,3,3,1.0,0.0
41411,3,3,1.0,0.0
41451,2,2,1.0,0.0
41458,4,4,2.0,4.0
41798,2,2,1.0,0.0
41835,2,2,1.0,2.0
41955,2,2,1.0,2.0
42027,2,2,1.0,0.0
42031,2,2,1.0,0.0
42044,4,4,1.0,4.0
42185,2,2,1.0,0.0
42286,4,4,1.0,0.0
42325,3,3,1.0,0.0
42468,2,2,1.0,0.0
42515,2,2,1.0,0.0
42542,2,2,1.0,0.0
42611,2,2,1.0,2.0
42953,2,2,1.0,0.0
43008,2,2,1.0,0.0
43031,2,2,1.0,2.0
43189,2,2,1.0,0.0
43240,4,4,1.0,0.0
43263,2,2,1.0,0.0
43274,2,2,1.0,2.0
43315,2,2,1.0,0.0
43429,2,2,1.0,0.0
43519,5,5,2.0,0.0
43574,3,3,1.0,3.0
43613,3,3,1.0,0.0
44041,4,4,1.0,0.0
44148,2,2,1.0,0.0
44187,2,2,1.0,0.0
44193,2,2,0.0,0.0
44289,2,2,1.0,0.0
44715,33,33,20.0,31.0
44991,3,3,1.0,3.0
45128,2,2,1.0,0.0
45169,2,2,1.0,2.0
45258,2,2,1.0,0.0
45456,2,2,1.0,0.0
45463,3,3,1.0,3.0
45553,2,2,1.0,0.0
45568,6,6,3.0,4.0
45640,3,3,1.0,0.0
45658,2,2,1.0,0.0
45918,2,2,1.0,0.0
45942,2,2,1.0,0.0
45954,2,2,1.0,2.0
46060,2,2,1.0,0.0
46098,2,2,1.0,0.0
46341,2,2,1.0,2.0
46440,5,5,2.0,0.0
46446,2,2,1.0,2.0
46502,5,5,1.0,2.0
46522,2,2,1.0,0.0
46609,9,9,2.0,6.0
46794,2,2,1.0,0.0
46796,2,2,1.0,0.0
46951,2,2,1.0,0.0
47034,2,2,1.0,0.0
47106,2,2,1.0,2.0
47216,2,2,1.0,2.0
47237,2,2,1.0,0.0
47378,754,754,333.0,718.0
47386,4,4,2.0,2.0
47653,3,3,1.0,3.0
47948,1,1,0.0,1.0
48003,36,36,18.0,33.0
48083,2,2,1.0,0.0
48155,2,2,1.0,2.0
48271,2,2,1.0,0.0
48296,3,3,1.0,0.0
48298,2,2,1.0,2.0
48406,2,2,1.0,0.0
48537,2,2,1.0,2.0
48572,2,2,1.0,0.0
48621,2,2,1.0,2.0
48669,5,5,1.0,5.0
48691,2,2,1.0,0.0
48697,2,2,1.0,2.0
48711,2,2,1.0,2.0
48726,2,2,1.0,0.0
48937,2,2,1.0,0.0
49370,2,2,1.0,0.0
49428,2,2,1.0,0.0
49540,2,2,1.0,0.0
49779,2,2,0.0,0.0
49797,2,2,1.0,0.0
49808,2,2,1.0,0.0
49950,299,299,147.0,268.0
50023,2,2,1.0,2.0
50079,3,3,1.0,0.0
50102,3,3,1.0,0.0
50126,2,2,0.0,2.0
50189,2,2,1.0,0.0
50316,2,2,1.0,2.0
50660,2,2,1.0,0.0
50667,2,2,0.0,0.0
50827,2,2,1.0,2.0
50962,2,2,0.0,0.0
51126,2,2,1.0,2.0
51325,2,2,1.0,2.0
51432,2,2,0.0,0.0
51477,2,2,1.0,0.0
51520,2,2,1.0,0.0
51645,2,2,1.0,0.0
51693,2,2,1.0,0.0
51703,2,2,1.0,2.0
51788,2,2,0.0,0.0
51864,2,2,1.0,2.0
51874,2,2,1.0,0.0
52003,2,2,1.0,0.0
52059,2,2,0.0,0.0
52107,2,2,1.0,0.0
52125,6,6,2.0,3.0
52172,2,2,1.0,0.0
52218,2,2,1.0,0.0
52324,2,2,1.0,0.0
52557,2,2,1.0,2.0
52601,2,2,1.0,0.0
52916,2,2,1.0,0.0
52921,2,2,1.0,0.0
53075,1,1,0.0,1.0
53079,2,2,1.0,0.0
53148,3,3,1.0,0.0
53235,2,2,1.0,0.0
53337,2,2,1.0,2.0
53412,362,362,271.0,343.0
53804,2,2,1.0,0.0
54003,2,2,1.0,0.0
54051,2,2,1.0,0.0
54304,42,42,31.0,29.0
54376,2,2,1.0,2.0
54808,150,150,102.0,145.0
54848,3,3,1.0,3.0
54897,144,144,107.0,95.0
55110,2,2,1.0,0.0
55132,2,2,1.0,0.0
55153,2,2,1.0,2.0
55185,60,60,38.0,56.0
55472,2,2,1.0,0.0
55549,22,22,11.0,12.0
55576,67,67,47.0,60.0
55613,2,2,1.0,0.0
55637,2,2,1.0,2.0
55857,2,2,1.0,2.0
55917,2,2,1.0,0.0
56147,3,3,1.0,3.0
56324,10,10,7.0,8.0
56416,4,4,2.0,0.0
56498,2,2,1.0,0.0
56986,78,78,36.0,72.0
57385,2,2,1.0,0.0
57427,2,2,1.0,0.0
57858,2,2,1.0,0.0
58275,2,2,1.0,0.0
58325,3,3,1.0,0.0
58957,2,2,0.0,0.0
58961,2,2,1.0,0.0
59366,36,36,19.0,32.0
59444,2,2,1.0,0.0
59446,2,2,1.0,0.0
59600,2,2,1.0,2.0
59610,2,2,1.0,0.0
60059,3,3,1.0,3.0
60230,2,2,1.0,0.0
60840,1,1,1.0,1.0
60918,4,4,2.0,4.0
61159,3,3,1.0,0.0
61325,4,4,2.0,0.0
61388,2,2,0.0,2.0
61509,3,3,1.0,0.0
61589,158,158,91.0,151.0
61878,2,2,0.0,0.0
62282,3,3,1.0,3.0
62322,2,2,0.0,0.0
62497,2,2,1.0,0.0
62768,2,2,1.0,0.0
63098,21,21,10.0,3.0
63249,2,2,1.0,2.0
64065,2,2,0.0,2.0
64536,4,4,2.0,0.0
64680,4,4,0.0,0.0
64859,2,2,1.0,2.0
64902,2,2,1.0,0.0
65007,60,60,22.0,58.0
65184,2,2,1.0,0.0
65562,2,2,1.0,0.0
65687,2,2,0.0,0.0
65701,2,2,1.0,0.0
67073,2,2,1.0,0.0
67252,143,143,84.0,112.0
67610,3,3,1.0,3.0
67785,2,2,1.0,0.0
68103,2,2,1.0,0.0
68480,2,2,1.0,0.0
69476,2,2,0.0,0.0
69538,1,1,0.0,0.0
69797,2,2,0.0,0.0
70219,1,1,0.0,1.0
70292,2,2,1.0,2.0
70438,2,2,0.0,0.0
71230,2,2,1.0,2.0
72997,2,2,0.0,0.0
74473,2,2,0.0,0.0
75424,2,2,1.0,2.0
76209,2,2,0.0,2.0
76401,3,3,0.0,3.0
76824,2,2,1.0,2.0
77106,2,2,1.0,0.0
78030,2,2,0.0,2.0
78266,4,4,0.0,0.0
78958,2,2,0.0,2.0
80561,2,2,1.0,0.0
80622,2,2,0.0,0.0
81648,2,2,1.0,0.0
83282,2,2,1.0,0.0
84938,2,2,1.0,0.0
85160,3,3,1.0,0.0
86467,2,2,0.0,0.0
88864,2,2,1.0,0.0
90281,4,4,0.0,0.0
90590,2,2,1.0,2.0
90817,2,2,0.0,2.0
91126,2,2,1.0,2.0
91476,2,2,1.0,0.0
91655,3,3,0.0,3.0
92745,2,2,0.0,0.0
93718,2,2,0.0,0.0
94493,2,2,1.0,2.0
94683,2,2,0.0,0.0
95849,2,2,1.0,0.0
99373,2,2,1.0,2.0
100403,2,2,1.0,2.0
101659,2,2,1.0,2.0
102418,2,2,0.0,0.0
102590,2,2,1.0,0.0
104907,2,2,0.0,0.0
106615,3,3,1.0,0.0
107689,2,2,1.0,2.0
108541,2,2,0.0,0.0
113266,8,8,0.0,4.0
113747,2,2,1.0,2.0
113855,2,2,0.0,2.0
114123,2,2,0.0,0.0
