assigned_who,fixed_bugs,total_reports,fixed_bugs_ratio
6,10,43,0.23255813953488372
8,330,1497,0.22044088176352705
9,454,741,0.6126855600539811
10,406,1048,0.38740458015267176
11,701,2182,0.3212648945921173
12,128,239,0.5355648535564853
13,2658,6121,0.43424277078908674
14,171,1356,0.1261061946902655
15,0,2,0.0
16,3,20,0.15
17,0,7,0.0
18,517,772,0.6696891191709845
20,209,712,0.29353932584269665
21,402,1094,0.36745886654478976
23,175,387,0.45219638242894056
24,1114,4138,0.2692121797970034
25,81,197,0.41116751269035534
27,0,5,0.0
28,26,84,0.30952380952380953
29,2537,6115,0.41488143908421915
30,6618,24641,0.26857676230672456
31,613,1327,0.4619442351168048
32,1272,2382,0.5340050377833753
33,51,115,0.4434782608695652
34,2434,8824,0.2758386219401632
35,66,145,0.45517241379310347
36,6,37,0.16216216216216217
37,2407,8486,0.283643648362008
38,28,521,0.053742802303262956
39,3321,10482,0.31682884945621065
41,134,297,0.4511784511784512
45,73,248,0.29435483870967744
46,124,378,0.328042328042328
47,288,1869,0.15409309791332262
48,36,83,0.43373493975903615
49,583,1349,0.43217197924388434
50,111,280,0.3964285714285714
51,1038,2696,0.3850148367952522
52,115,326,0.35276073619631904
53,542,1192,0.4546979865771812
54,8077,32690,0.24707861731416336
55,15,191,0.07853403141361257
56,2,10,0.2
57,602,1625,0.37046153846153845
58,808,2487,0.32488942501005225
59,69,147,0.46938775510204084
60,174,497,0.3501006036217304
61,273,582,0.4690721649484536
62,58,304,0.19078947368421054
64,76,315,0.24126984126984127
65,538,946,0.5687103594080338
66,141,586,0.24061433447098976
67,430,765,0.5620915032679739
68,76,210,0.3619047619047619
71,0,3,0.0
74,1,4,0.25
75,0,4,0.0
84,0,8,0.0
86,1271,2201,0.5774647887323944
88,113,311,0.3633440514469453
91,1,3,0.3333333333333333
96,0,6,0.0
98,1,3,0.3333333333333333
100,0,3,0.0
104,3,13,0.23076923076923078
115,3,6,0.5
117,0,2,0.0
129,2,4,0.5
146,0,6,0.0
225,31,134,0.23134328358208955
238,421,728,0.5782967032967034
245,0,2,0.0
246,0,3,0.0
253,0,4,0.0
261,11,125,0.088
265,1,8,0.125
268,1,14,0.07142857142857142
283,1,2,0.5
293,1,2,0.5
307,2,4,0.5
321,1,2,0.5
329,0,8,0.0
354,21,66,0.3181818181818182
396,0,2,0.0
401,1,4,0.25
408,1,13,0.07692307692307693
427,1,2,0.5
454,1,4,0.25
455,2,4,0.5
457,8,16,0.5
460,549,2138,0.2567820392890552
469,730,1690,0.4319526627218935
475,4,8,0.5
479,0,2,0.0
481,494,827,0.5973397823458283
482,3,6,0.5
495,7,15,0.4666666666666667
519,0,2,0.0
522,4,8,0.5
523,0,2,0.0
526,1,3,0.3333333333333333
533,1,2,0.5
536,1,2,0.5
550,4,21,0.19047619047619047
569,0,6,0.0
574,1,2,0.5
575,0,2,0.0
579,2,5,0.4
580,5,32,0.15625
581,0,3,0.0
583,2,45,0.044444444444444446
590,9,37,0.24324324324324326
594,0,2,0.0
608,0,2,0.0
626,0,2,0.0
631,1,2,0.5
633,4,10,0.4
634,1,2,0.5
639,2,10,0.2
650,1,2,0.5
651,0,10,0.0
652,1,2,0.5
683,0,3,0.0
692,0,3,0.0
696,1,4,0.25
698,115,200,0.575
709,0,2,0.0
727,1,2,0.5
730,3,11,0.2727272727272727
737,0,2,0.0
746,6,13,0.46153846153846156
770,0,6,0.0
773,1,4,0.25
792,0,2,0.0
793,1,2,0.5
796,1,10,0.1
819,0,7,0.0
822,1,2,0.5
826,3,10,0.3
834,0,3,0.0
855,1,2,0.5
870,0,2,0.0
875,0,2,0.0
882,0,2,0.0
884,0,2,0.0
905,0,2,0.0
913,1,3,0.3333333333333333
933,1,3,0.3333333333333333
963,0,2,0.0
967,88,116,0.7586206896551724
980,0,2,0.0
981,0,2,0.0
982,0,2,0.0
1026,4,6,0.6666666666666666
1057,0,2,0.0
1063,1,2,0.5
1068,611,1177,0.5191163976210705
1109,0,4,0.0
1120,1,2,0.5
1121,1,4,0.25
1148,1,2,0.5
1155,1,4,0.25
1169,2,6,0.3333333333333333
1186,4,10,0.4
1247,0,2,0.0
1249,3,26,0.11538461538461539
1252,2,10,0.2
1256,1,2,0.5
1269,60,175,0.34285714285714286
1294,0,2,0.0
1306,1,4,0.25
1322,1,4,0.25
1343,1,3,0.3333333333333333
1347,0,2,0.0
1360,1,2,0.5
1406,1,2,0.5
1409,1,5,0.2
1428,0,2,0.0
1474,36,103,0.34951456310679613
1497,0,5,0.0
1536,1,2,0.5
1545,0,2,0.0
1546,0,4,0.0
1552,8,16,0.5
1555,1,5,0.2
1562,0,2,0.0
1564,3,13,0.23076923076923078
1584,5,24,0.20833333333333334
1607,1,4,0.25
1608,0,1,0.0
1626,1,2,0.5
1633,1,2,0.5
1701,2,7,0.2857142857142857
1715,0,2,0.0
1754,1,2,0.5
1760,954,2117,0.45063769485120453
1790,1,8,0.125
1812,2,4,0.5
1816,0,2,0.0
1827,1,2,0.5
1904,0,1,0.0
1906,377,541,0.6968576709796673
1907,215,454,0.473568281938326
1908,1,3,0.3333333333333333
1917,0,2,0.0
1920,0,2,0.0
1950,0,2,0.0
1961,152,303,0.5016501650165016
1988,2,8,0.25
2003,0,2,0.0
2054,1,2,0.5
2066,0,2,0.0
2077,0,4,0.0
2098,0,2,0.0
2124,505,1039,0.48604427333974976
2153,0,2,0.0
2161,1,2,0.5
2176,2,6,0.3333333333333333
2181,0,2,0.0
2184,163,469,0.34754797441364604
2186,1,2,0.5
2200,0,2,0.0
2202,0,5,0.0
2207,0,6,0.0
2235,1,3,0.3333333333333333
2253,0,7,0.0
2268,0,3,0.0
2273,2,8,0.25
2279,0,2,0.0
2294,1,2,0.5
2373,0,2,0.0
2386,0,2,0.0
2389,2,4,0.5
2408,1,2,0.5
2409,2,8,0.25
2445,0,2,0.0
2478,173,593,0.2917369308600337
2518,0,2,0.0
2521,0,2,0.0
2557,0,5,0.0
2564,1,2,0.5
2599,0,2,0.0
2624,8,41,0.1951219512195122
2626,0,2,0.0
2631,1,2,0.5
2642,0,3,0.0
2643,0,2,0.0
2647,0,2,0.0
2676,0,5,0.0
2699,0,3,0.0
2719,1,2,0.5
2723,0,14,0.0
2727,1,2,0.5
2733,2,4,0.5
2737,9,51,0.17647058823529413
2739,0,2,0.0
2767,0,2,0.0
2768,0,2,0.0
2769,0,2,0.0
2775,3,22,0.13636363636363635
2791,2,4,0.5
2792,1,2,0.5
2834,0,2,0.0
2859,2,4,0.5
2864,0,2,0.0
2897,0,2,0.0
2899,1,2,0.5
2905,0,2,0.0
2926,0,3,0.0
2945,0,3,0.0
2950,2,5,0.4
2992,1,2,0.5
3045,0,2,0.0
3050,1,2,0.5
3062,0,7,0.0
3065,0,2,0.0
3077,0,4,0.0
3126,2,4,0.5
3152,4,8,0.5
3155,4,6,0.6666666666666666
3168,0,3,0.0
3178,1,2,0.5
3181,0,2,0.0
3195,0,2,0.0
3205,1,2,0.5
3240,0,2,0.0
3262,0,2,0.0
3304,1,2,0.5
3351,1,2,0.5
3362,1,4,0.25
3433,0,2,0.0
3458,0,2,0.0
3474,0,2,0.0
3481,187,380,0.4921052631578947
3506,0,2,0.0
3535,1,3,0.3333333333333333
3541,0,6,0.0
3551,2,6,0.3333333333333333
3584,1,2,0.5
3585,2,4,0.5
3587,1,4,0.25
3591,0,2,0.0
3599,0,6,0.0
3602,0,12,0.0
3603,1,2,0.5
3604,1,2,0.5
3611,0,2,0.0
3614,0,2,0.0
3636,0,2,0.0
3646,0,3,0.0
3681,0,2,0.0
3686,1,2,0.5
3693,1,2,0.5
3704,1,2,0.5
3716,30,68,0.4411764705882353
3719,1,3,0.3333333333333333
3722,0,4,0.0
3798,0,2,0.0
3805,0,2,0.0
3927,1,2,0.5
3930,1,2,0.5
3942,2,3,0.6666666666666666
3943,2,4,0.5
3945,1,2,0.5
3968,1,2,0.5
3985,1,4,0.25
3992,0,2,0.0
4010,0,2,0.0
4032,0,5,0.0
4098,0,2,0.0
4117,0,2,0.0
4153,1,2,0.5
4173,0,3,0.0
4174,0,2,0.0
4192,1,3,0.3333333333333333
4224,0,6,0.0
4255,0,2,0.0
4284,1,2,0.5
4304,1,2,0.5
4311,1,5,0.2
4312,1,2,0.5
4343,1,2,0.5
4353,0,2,0.0
4355,0,2,0.0
4371,0,3,0.0
4384,1,2,0.5
4413,1,2,0.5
4435,0,2,0.0
4438,231,653,0.3537519142419602
4440,103,202,0.5099009900990099
4456,17,27,0.6296296296296297
4476,0,2,0.0
4487,0,2,0.0
4502,892,1860,0.47956989247311826
4517,0,2,0.0
4525,1,3,0.3333333333333333
4535,0,2,0.0
4549,1,2,0.5
4579,0,2,0.0
4650,0,2,0.0
4676,14,37,0.3783783783783784
4688,0,2,0.0
4701,0,3,0.0
4731,0,2,0.0
4736,0,2,0.0
4764,1,2,0.5
4769,1,2,0.5
4787,1,5,0.2
4803,2,8,0.25
4804,21,31,0.6774193548387096
4807,0,7,0.0
4850,0,2,0.0
4861,975,3420,0.2850877192982456
4870,0,2,0.0
4891,0,3,0.0
4896,0,2,0.0
4898,8,26,0.3076923076923077
4911,0,2,0.0
4941,0,2,0.0
4949,0,2,0.0
4955,1,2,0.5
4976,0,2,0.0
4982,2,4,0.5
4985,6,14,0.42857142857142855
5019,0,2,0.0
5111,1,2,0.5
5116,1,2,0.5
5164,0,2,0.0
5172,0,4,0.0
5213,1,2,0.5
5215,0,2,0.0
5240,2,9,0.2222222222222222
5257,2,4,0.5
5318,1,2,0.5
5382,1,2,0.5
5385,1,3,0.3333333333333333
5409,1,2,0.5
5452,0,2,0.0
5470,241,394,0.6116751269035533
5481,1,2,0.5
5491,0,4,0.0
5497,1,2,0.5
5521,1,2,0.5
5539,0,3,0.0
5544,137,221,0.6199095022624435
5571,18,45,0.4
5586,173,395,0.4379746835443038
5589,0,2,0.0
5590,16,40,0.4
5624,352,984,0.35772357723577236
5633,0,3,0.0
5695,0,2,0.0
5718,2,6,0.3333333333333333
5751,0,2,0.0
5755,0,2,0.0
5778,0,2,0.0
5803,0,2,0.0
5806,1,2,0.5
5845,1,2,0.5
5849,0,3,0.0
5871,0,3,0.0
5892,205,482,0.42531120331950206
5894,1,2,0.5
5923,64,102,0.6274509803921569
5942,0,3,0.0
5947,1,6,0.16666666666666666
6026,0,3,0.0
6083,0,2,0.0
6115,0,8,0.0
6121,0,2,0.0
6210,2,10,0.2
6242,0,2,0.0
6259,2,10,0.2
6263,1,3,0.3333333333333333
6269,1,3,0.3333333333333333
6333,2,4,0.5
6367,0,2,0.0
6396,0,2,0.0
6457,2,6,0.3333333333333333
6462,0,3,0.0
6464,0,2,0.0
6465,0,19,0.0
6500,0,3,0.0
6534,0,2,0.0
6535,0,2,0.0
6552,268,689,0.3889695210449927
6555,0,2,0.0
6573,1,2,0.5
6607,1,4,0.25
6654,1,2,0.5
6669,0,2,0.0
6673,16,32,0.5
6676,0,6,0.0
6729,0,2,0.0
6748,1,3,0.3333333333333333
6749,0,2,0.0
6761,0,2,0.0
6785,1,3,0.3333333333333333
6808,13,29,0.4482758620689655
6816,0,3,0.0
6830,1,6,0.16666666666666666
6840,2,4,0.5
6876,1,2,0.5
6887,2,12,0.16666666666666666
6916,1,2,0.5
6919,0,2,0.0
6946,2,6,0.3333333333333333
6965,2,3,0.6666666666666666
6974,0,2,0.0
6985,1,5,0.2
7102,1,2,0.5
7111,0,2,0.0
7120,1,2,0.5
7212,0,2,0.0
7223,0,4,0.0
7238,9,23,0.391304347826087
7241,0,2,0.0
7266,0,2,0.0
7435,1,2,0.5
7472,0,2,0.0
7518,1,2,0.5
7525,0,2,0.0
7543,1,4,0.25
7557,0,2,0.0
7628,0,2,0.0
7667,0,2,0.0
7700,0,2,0.0
7709,0,2,0.0
7714,0,2,0.0
7721,0,4,0.0
7728,0,2,0.0
7729,0,2,0.0
7746,0,2,0.0
7773,0,10,0.0
7814,1,2,0.5
7859,0,2,0.0
7860,1,2,0.5
7919,1540,4087,0.3768045020797651
7920,29,93,0.3118279569892473
7931,0,2,0.0
7995,0,2,0.0
8011,916,1646,0.5565006075334143
8052,1,2,0.5
8067,0,2,0.0
8081,9,76,0.11842105263157894
8112,1,2,0.5
8126,248,536,0.4626865671641791
8129,4,17,0.23529411764705882
8130,0,2,0.0
8132,0,2,0.0
8134,0,2,0.0
8174,1,2,0.5
8225,15,34,0.4411764705882353
8236,0,2,0.0
8268,0,6,0.0
8272,0,2,0.0
8296,0,2,0.0
8338,0,2,0.0
8367,1,2,0.5
8372,32,57,0.5614035087719298
8388,1202,3221,0.3731760322881093
8423,1,2,0.5
8457,0,2,0.0
8493,1,2,0.5
8509,204,417,0.4892086330935252
8514,0,4,0.0
8522,1,2,0.5
8548,2,9,0.2222222222222222
8551,0,2,0.0
8567,1,2,0.5
8569,1,2,0.5
8574,1,2,0.5
8586,0,7,0.0
8601,0,5,0.0
8640,0,2,0.0
8644,1,2,0.5
8667,0,2,0.0
8691,1,2,0.5
8693,0,4,0.0
8707,247,423,0.5839243498817966
8721,0,2,0.0
8731,1,30,0.03333333333333333
8745,1,2,0.5
8759,1,3,0.3333333333333333
8792,0,2,0.0
8799,0,2,0.0
8826,179,638,0.28056426332288403
8846,0,2,0.0
8956,0,2,0.0
8962,0,3,0.0
8998,1,2,0.5
8999,0,4,0.0
9013,0,2,0.0
9066,1,2,0.5
9094,0,8,0.0
9118,1,2,0.5
9129,0,2,0.0
9149,0,2,0.0
9227,1,9,0.1111111111111111
9264,1,2,0.5
9275,0,2,0.0
9297,0,5,0.0
9299,0,2,0.0
9339,0,2,0.0
9342,96,146,0.6575342465753424
9355,0,2,0.0
9394,0,2,0.0
9421,1,2,0.5
9429,1,4,0.25
9449,3,13,0.23076923076923078
9473,0,4,0.0
9485,0,2,0.0
9487,1,3,0.3333333333333333
9496,0,2,0.0
9514,1,4,0.25
9557,0,2,0.0
9571,0,2,0.0
9577,1,2,0.5
9603,1,4,0.25
9640,0,2,0.0
9648,0,2,0.0
9660,0,3,0.0
9672,1,2,0.5
9681,16,64,0.25
9687,0,2,0.0
9706,0,2,0.0
9755,0,2,0.0
9810,0,3,0.0
9831,1,2,0.5
9867,0,3,0.0
9874,1,2,0.5
9923,0,2,0.0
9941,0,2,0.0
9957,3,12,0.25
9981,1,2,0.5
10031,0,2,0.0
10089,0,2,0.0
10099,2,5,0.4
10135,31,55,0.5636363636363636
10202,0,2,0.0
10208,0,4,0.0
10253,0,2,0.0
10262,2,4,0.5
10275,0,2,0.0
10289,1,2,0.5
10290,1,3,0.3333333333333333
10302,1,2,0.5
10304,0,2,0.0
10312,0,2,0.0
10319,225,435,0.5172413793103449
10333,0,3,0.0
10338,1,2,0.5
10429,0,2,0.0
10430,1,2,0.5
10465,2,9,0.2222222222222222
10536,1,2,0.5
10539,1,3,0.3333333333333333
10577,307,541,0.5674676524953789
10606,0,2,0.0
10652,1,2,0.5
10654,0,2,0.0
10668,0,2,0.0
10674,0,4,0.0
10714,1,2,0.5
10732,0,2,0.0
10736,0,2,0.0
10743,1,2,0.5
10787,1,3,0.3333333333333333
10914,0,3,0.0
10953,1,2,0.5
10960,0,2,0.0
10976,0,2,0.0
11003,0,2,0.0
11018,1,2,0.5
11067,0,2,0.0
11074,0,2,0.0
11081,0,6,0.0
11094,0,2,0.0
11129,1,2,0.5
11171,0,2,0.0
11375,2,4,0.5
11376,1,2,0.5
11398,1,2,0.5
11401,0,2,0.0
11406,1,2,0.5
11409,0,2,0.0
11496,1,2,0.5
11509,1,2,0.5
11535,1,2,0.5
11614,0,2,0.0
11670,1354,2508,0.539872408293461
11694,1,2,0.5
11712,0,2,0.0
11791,1,2,0.5
11814,1,2,0.5
11842,1,2,0.5
11863,1,2,0.5
11995,274,385,0.7116883116883117
12037,1,3,0.3333333333333333
12075,0,3,0.0
12154,0,2,0.0
12198,1,4,0.25
12205,0,2,0.0
12297,0,2,0.0
12304,0,2,0.0
12313,0,2,0.0
12320,0,2,0.0
12481,0,2,0.0
12507,0,2,0.0
12528,0,2,0.0
12561,0,2,0.0
12569,1,6,0.16666666666666666
12633,684,1396,0.4899713467048711
12674,0,2,0.0
12686,3,7,0.42857142857142855
12687,21,54,0.3888888888888889
12817,0,2,0.0
12825,435,976,0.4456967213114754
12828,861,1489,0.5782404298186703
12856,0,2,0.0
12960,1,2,0.5
13001,16,67,0.23880597014925373
13044,0,2,0.0
13064,0,2,0.0
13129,1,2,0.5
13170,1,2,0.5
13258,1,3,0.3333333333333333
13332,1,2,0.5
13396,1,8,0.125
13439,1,3,0.3333333333333333
13493,0,2,0.0
13505,0,2,0.0
13523,0,2,0.0
13566,0,2,0.0
13574,1,2,0.5
13576,1,2,0.5
13604,0,2,0.0
13790,250,490,0.5102040816326531
13809,0,2,0.0
13874,0,4,0.0
14012,0,2,0.0
14023,0,2,0.0
14048,0,6,0.0
14067,0,2,0.0
14118,0,2,0.0
14155,1,2,0.5
14188,0,2,0.0
14230,0,2,0.0
14306,1,8,0.125
14324,0,2,0.0
14348,0,2,0.0
14354,1,2,0.5
14378,0,6,0.0
14445,1,8,0.125
14450,0,3,0.0
14512,0,4,0.0
14540,0,2,0.0
14616,1,3,0.3333333333333333
14665,1,2,0.5
14689,0,4,0.0
14690,4,12,0.3333333333333333
14712,0,2,0.0
14717,0,2,0.0
14732,0,2,0.0
14785,1,3,0.3333333333333333
14845,1,5,0.2
14881,0,2,0.0
14967,0,2,0.0
15028,2,8,0.25
15049,3,6,0.5
15057,0,2,0.0
15081,0,2,0.0
15098,337,528,0.6382575757575758
15119,10,23,0.43478260869565216
15157,399,704,0.5667613636363636
15195,1,2,0.5
15209,2,8,0.25
15235,1,2,0.5
15239,1,2,0.5
15294,2,4,0.5
15308,0,2,0.0
15322,1,2,0.5
15346,0,3,0.0
15423,1248,1881,0.6634768740031898
15434,22,102,0.21568627450980393
15471,0,2,0.0
15485,1,2,0.5
15486,0,3,0.0
15548,1,2,0.5
15578,0,2,0.0
15633,0,2,0.0
15661,0,2,0.0
15710,0,2,0.0
15767,18,46,0.391304347826087
15782,1,2,0.5
15799,2,4,0.5
15801,0,2,0.0
15833,1,3,0.3333333333333333
15859,0,2,0.0
15869,93,269,0.34572490706319703
15916,1,2,0.5
15919,0,2,0.0
15968,0,2,0.0
16021,0,1,0.0
16059,1,2,0.5
16082,3,9,0.3333333333333333
16087,0,2,0.0
16088,0,2,0.0
16102,0,2,0.0
16199,1,2,0.5
16221,1,2,0.5
16260,1,2,0.5
16356,1,3,0.3333333333333333
16391,0,2,0.0
16394,0,2,0.0
16455,0,5,0.0
16457,2,8,0.25
16482,0,2,0.0
16489,211,316,0.6677215189873418
16495,1,4,0.25
16514,1,2,0.5
16556,1,2,0.5
16596,1,2,0.5
16601,0,2,0.0
16622,1,3,0.3333333333333333
16734,0,2,0.0
16750,0,2,0.0
16756,13,35,0.37142857142857144
16935,0,2,0.0
17002,1,2,0.5
17038,0,2,0.0
17092,60,255,0.23529411764705882
17212,1391,2683,0.5184494968319046
17230,0,2,0.0
17291,1,2,0.5
17340,1,3,0.3333333333333333
17349,0,2,0.0
17355,36,67,0.5373134328358209
17390,4,14,0.2857142857142857
17391,263,479,0.5490605427974948
17407,2,6,0.3333333333333333
17468,1,5,0.2
17500,32,57,0.5614035087719298
17520,0,2,0.0
17629,1,2,0.5
17639,0,2,0.0
17650,1,2,0.5
17720,24,57,0.42105263157894735
17816,0,2,0.0
17859,0,4,0.0
17871,0,3,0.0
17918,0,2,0.0
17923,19,39,0.48717948717948717
17995,1,6,0.16666666666666666
18076,1,3,0.3333333333333333
18097,4,10,0.4
18181,0,2,0.0
18218,0,6,0.0
18241,1,4,0.25
18295,2,4,0.5
18418,1,2,0.5
18439,1,4,0.25
18442,0,2,0.0
18462,0,4,0.0
18482,1,2,0.5
18539,1,3,0.3333333333333333
18647,0,2,0.0
18659,0,2,0.0
18686,0,2,0.0
18767,0,5,0.0
18770,0,2,0.0
18788,0,2,0.0
18817,1,3,0.3333333333333333
18928,0,3,0.0
18996,0,2,0.0
19005,0,2,0.0
19092,1,2,0.5
19291,1,2,0.5
19299,0,2,0.0
19309,0,2,0.0
19539,0,2,0.0
19560,1,2,0.5
19587,0,4,0.0
19590,0,3,0.0
19597,0,2,0.0
19683,2,4,0.5
19725,0,2,0.0
19777,1,11,0.09090909090909091
19876,0,2,0.0
19886,1694,3989,0.42466783655051393
19894,1,3,0.3333333333333333
19964,0,2,0.0
20026,0,2,0.0
20036,0,2,0.0
20111,1,6,0.16666666666666666
20206,1,2,0.5
20215,55,109,0.5045871559633027
20301,0,3,0.0
20324,0,2,0.0
20404,0,14,0.0
20410,0,2,0.0
20465,0,2,0.0
20493,394,810,0.48641975308641977
20583,1,2,0.5
20799,24,149,0.1610738255033557
20805,0,4,0.0
20886,1,3,0.3333333333333333
20891,0,2,0.0
20932,0,1,0.0
20938,0,2,0.0
20953,0,6,0.0
21002,0,2,0.0
21107,14,37,0.3783783783783784
21188,0,2,0.0
21232,0,3,0.0
21269,0,2,0.0
21316,1,3,0.3333333333333333
21411,0,2,0.0
21459,1,2,0.5
21489,0,2,0.0
21533,0,3,0.0
21638,1,3,0.3333333333333333
21666,0,2,0.0
21796,2,8,0.25
21935,0,2,0.0
21947,1,2,0.5
21956,0,3,0.0
21962,1,2,0.5
22131,163,470,0.3468085106382979
22148,0,5,0.0
22181,0,2,0.0
22218,0,2,0.0
22322,0,6,0.0
22363,0,2,0.0
22383,0,2,0.0
22456,1,2,0.5
22465,0,2,0.0
22489,2,10,0.2
22517,1,2,0.5
22647,1,3,0.3333333333333333
22759,0,5,0.0
22789,1,2,0.5
22874,0,2,0.0
22915,0,2,0.0
22951,0,2,0.0
22980,1,2,0.5
23004,0,2,0.0
23080,0,2,0.0
23232,0,2,0.0
23274,10,27,0.37037037037037035
23331,0,2,0.0
23382,0,7,0.0
23389,0,2,0.0
23691,0,2,0.0
23758,2,8,0.25
23845,0,2,0.0
23914,0,2,0.0
23984,0,2,0.0
24088,2,4,0.5
24219,1,4,0.25
24320,5,14,0.35714285714285715
24368,0,2,0.0
24384,1,2,0.5
24400,0,2,0.0
24401,0,2,0.0
24435,5,26,0.19230769230769232
24505,0,2,0.0
24635,0,2,0.0
24640,1,3,0.3333333333333333
24646,0,2,0.0
24687,0,2,0.0
24698,98,217,0.45161290322580644
24739,1,2,0.5
24774,0,2,0.0
24792,1,2,0.5
24794,0,3,0.0
24844,0,3,0.0
24849,0,2,0.0
24912,194,366,0.5300546448087432
24973,2,4,0.5
25013,1,2,0.5
25111,0,3,0.0
25126,0,2,0.0
25196,1,2,0.5
25209,1,2,0.5
25221,1,2,0.5
25273,1,2,0.5
25274,0,2,0.0
25316,0,2,0.0
25388,2,5,0.4
25554,0,2,0.0
25606,117,219,0.5342465753424658
25632,1,2,0.5
25633,0,2,0.0
25639,0,2,0.0
25640,0,2,0.0
25826,0,2,0.0
25827,1,2,0.5
25940,1,5,0.2
25946,0,14,0.0
25949,1,2,0.5
25976,0,2,0.0
25978,0,2,0.0
26153,0,5,0.0
26163,281,533,0.5272045028142589
26186,0,3,0.0
26188,1,3,0.3333333333333333
26237,0,3,0.0
26241,1,3,0.3333333333333333
26265,1,2,0.5
26295,1,2,0.5
26314,0,2,0.0
26539,1,3,0.3333333333333333
26550,3,11,0.2727272727272727
26610,0,1,0.0
26615,1,2,0.5
26646,0,2,0.0
26657,1,4,0.25
26674,1,2,0.5
26682,0,3,0.0
26694,1,3,0.3333333333333333
26705,4,4,1.0
26706,426,895,0.4759776536312849
26748,2,6,0.3333333333333333
26858,0,2,0.0
26900,0,2,0.0
26961,0,2,0.0
27012,1,2,0.5
27015,0,2,0.0
27020,1,2,0.5
27134,0,2,0.0
27203,1,5,0.2
27225,1,2,0.5
27331,0,2,0.0
27351,1,3,0.3333333333333333
27357,1,3,0.3333333333333333
27499,1,2,0.5
27608,0,1,0.0
27609,177,281,0.6298932384341637
27725,2,10,0.2
27752,0,2,0.0
27791,0,2,0.0
27808,0,2,0.0
27819,0,2,0.0
27843,0,2,0.0
27917,0,4,0.0
27920,1,3,0.3333333333333333
27998,0,4,0.0
28126,2,4,0.5
28191,1,2,0.5
28204,1,3,0.3333333333333333
28236,0,2,0.0
28276,0,4,0.0
28331,1,2,0.5
28374,0,3,0.0
28402,0,2,0.0
28443,2,6,0.3333333333333333
28595,0,3,0.0
28617,13,82,0.15853658536585366
28669,1,2,0.5
28702,1,2,0.5
28753,0,2,0.0
28789,74,116,0.6379310344827587
28847,0,2,0.0
28855,0,2,0.0
28910,1,2,0.5
28960,1,2,0.5
29061,0,2,0.0
29189,212,489,0.4335378323108384
29308,0,2,0.0
29309,1,2,0.5
29492,0,2,0.0
29530,0,2,0.0
29708,0,2,0.0
29781,0,2,0.0
29915,0,2,0.0
29942,1,9,0.1111111111111111
29963,1,2,0.5
30015,0,2,0.0
30064,0,3,0.0
30115,1,10,0.1
30236,0,2,0.0
30386,0,3,0.0
30407,0,2,0.0
30441,1,3,0.3333333333333333
30445,1,2,0.5
30510,1,2,0.5
30629,0,2,0.0
30638,0,3,0.0
30665,1,2,0.5
30679,1,2,0.5
30791,24,70,0.34285714285714286
30960,193,260,0.7423076923076923
30971,1,2,0.5
31108,0,4,0.0
31112,0,2,0.0
31115,280,585,0.47863247863247865
31216,1,2,0.5
31299,1,2,0.5
31322,0,2,0.0
31345,0,20,0.0
31355,0,2,0.0
31421,1,2,0.5
31499,0,2,0.0
31519,0,2,0.0
31529,0,2,0.0
31587,0,2,0.0
31602,0,2,0.0
31610,0,6,0.0
31637,0,2,0.0
31639,0,3,0.0
31732,29,68,0.4264705882352941
31741,57,92,0.6195652173913043
31781,0,2,0.0
32241,0,2,0.0
32369,0,2,0.0
32400,0,2,0.0
32503,1044,1825,0.572054794520548
32820,0,2,0.0
32855,0,2,0.0
33183,0,2,0.0
33497,1,2,0.5
33706,1,4,0.25
33777,0,2,0.0
33814,1,2,0.5
33952,0,2,0.0
34008,0,5,0.0
34016,0,2,0.0
34140,1,2,0.5
34165,0,2,0.0
34211,76,159,0.4779874213836478
34419,0,2,0.0
34537,0,2,0.0
34653,560,1207,0.463960231980116
34687,1,4,0.25
34863,0,2,0.0
34958,0,2,0.0
35004,1,5,0.2
35266,0,3,0.0
35307,2,4,0.5
35345,1,2,0.5
35350,1,3,0.3333333333333333
35352,1,2,0.5
35433,0,2,0.0
35599,0,2,0.0
35607,2,5,0.4
35645,0,2,0.0
35700,0,4,0.0
35894,0,3,0.0
36061,1,2,0.5
36287,1,2,0.5
36407,1,3,0.3333333333333333
36444,3,9,0.3333333333333333
36645,55,165,0.3333333333333333
36666,650,1506,0.4316069057104914
36686,0,2,0.0
36696,0,2,0.0
36705,0,2,0.0
36983,0,3,0.0
37148,0,4,0.0
37190,0,35,0.0
37378,1,2,0.5
37403,0,2,0.0
37419,0,2,0.0
37429,1,2,0.5
37635,1,2,0.5
37677,1,2,0.5
37691,0,3,0.0
37721,0,2,0.0
37869,3,7,0.42857142857142855
37870,1,2,0.5
37913,0,2,0.0
37961,0,2,0.0
37991,0,6,0.0
38049,1,2,0.5
38141,0,2,0.0
38324,0,2,0.0
38342,1,2,0.5
38625,1,2,0.5
38823,0,2,0.0
38962,1,2,0.5
39075,0,2,0.0
39101,1,2,0.5
39125,2,6,0.3333333333333333
39237,1,2,0.5
39629,1,2,0.5
39763,0,3,0.0
40370,1,8,0.125
40374,1,2,0.5
40527,0,2,0.0
40619,0,2,0.0
40678,1,2,0.5
40725,0,2,0.0
40765,0,8,0.0
40793,0,2,0.0
40832,2,4,0.5
40920,1,2,0.5
41029,0,2,0.0
41137,0,3,0.0
41151,0,4,0.0
41344,0,3,0.0
41411,0,3,0.0
41451,0,2,0.0
41458,2,4,0.5
41798,0,2,0.0
41835,1,2,0.5
41955,1,2,0.5
42027,0,2,0.0
42031,0,2,0.0
42044,1,4,0.25
42185,0,2,0.0
42286,0,4,0.0
42325,0,3,0.0
42468,0,2,0.0
42515,0,2,0.0
42542,0,2,0.0
42611,1,2,0.5
42953,0,2,0.0
43008,0,2,0.0
43031,1,2,0.5
43189,0,2,0.0
43240,0,4,0.0
43263,0,2,0.0
43274,1,2,0.5
43315,0,2,0.0
43429,0,2,0.0
43519,0,5,0.0
43574,1,3,0.3333333333333333
43613,0,3,0.0
44041,0,4,0.0
44148,0,2,0.0
44187,0,2,0.0
44193,0,2,0.0
44289,0,2,0.0
44715,19,33,0.5757575757575758
44991,1,3,0.3333333333333333
45128,0,2,0.0
45169,1,2,0.5
45258,0,2,0.0
45456,0,2,0.0
45463,1,3,0.3333333333333333
45553,0,2,0.0
45568,2,6,0.3333333333333333
45640,0,3,0.0
45658,0,2,0.0
45918,0,2,0.0
45942,0,2,0.0
45954,1,2,0.5
46060,0,2,0.0
46098,0,2,0.0
46341,1,2,0.5
46440,0,5,0.0
46446,1,2,0.5
46502,0,5,0.0
46522,0,2,0.0
46609,1,9,0.1111111111111111
46794,0,2,0.0
46796,0,2,0.0
46951,0,2,0.0
47034,0,2,0.0
47106,1,2,0.5
47216,1,2,0.5
47237,0,2,0.0
47378,314,754,0.41644562334217505
47386,1,4,0.25
47653,1,3,0.3333333333333333
47948,0,1,0.0
48003,17,36,0.4722222222222222
48083,0,2,0.0
48155,1,2,0.5
48271,0,2,0.0
48296,0,3,0.0
48298,1,2,0.5
48406,0,2,0.0
48537,1,2,0.5
48572,0,2,0.0
48621,1,2,0.5
48669,1,5,0.2
48691,0,2,0.0
48697,1,2,0.5
48711,1,2,0.5
48726,0,2,0.0
48937,0,2,0.0
49370,0,2,0.0
49428,0,2,0.0
49540,0,2,0.0
49779,0,2,0.0
49797,0,2,0.0
49808,0,2,0.0
49950,127,299,0.42474916387959866
50023,1,2,0.5
50079,0,3,0.0
50102,0,3,0.0
50126,0,2,0.0
50189,0,2,0.0
50316,1,2,0.5
50660,0,2,0.0
50667,0,2,0.0
50827,1,2,0.5
50962,0,2,0.0
51126,1,2,0.5
51325,1,2,0.5
51432,0,2,0.0
51477,0,2,0.0
51520,0,2,0.0
51645,0,2,0.0
51693,0,2,0.0
51703,1,2,0.5
51788,0,2,0.0
51864,1,2,0.5
51874,0,2,0.0
52003,0,2,0.0
52059,0,2,0.0
52107,0,2,0.0
52125,1,6,0.16666666666666666
52172,0,2,0.0
52218,0,2,0.0
52324,0,2,0.0
52557,1,2,0.5
52601,0,2,0.0
52916,0,2,0.0
52921,0,2,0.0
53075,0,1,0.0
53079,0,2,0.0
53148,0,3,0.0
53235,0,2,0.0
53337,1,2,0.5
53412,259,362,0.7154696132596685
53804,0,2,0.0
54003,0,2,0.0
54051,0,2,0.0
54304,23,42,0.5476190476190477
54376,1,2,0.5
54808,102,150,0.68
54848,1,3,0.3333333333333333
54897,69,144,0.4791666666666667
55110,0,2,0.0
55132,0,2,0.0
55153,1,2,0.5
55185,38,60,0.6333333333333333
55472,0,2,0.0
55549,7,22,0.3181818181818182
55576,44,67,0.6567164179104478
55613,0,2,0.0
55637,1,2,0.5
55857,1,2,0.5
55917,0,2,0.0
56147,1,3,0.3333333333333333
56324,7,10,0.7
56416,0,4,0.0
56498,0,2,0.0
56986,34,78,0.4358974358974359
57385,0,2,0.0
57427,0,2,0.0
57858,0,2,0.0
58275,0,2,0.0
58325,0,3,0.0
58957,0,2,0.0
58961,0,2,0.0
59366,16,36,0.4444444444444444
59444,0,2,0.0
59446,0,2,0.0
59600,1,2,0.5
59610,0,2,0.0
60059,1,3,0.3333333333333333
60230,0,2,0.0
60840,1,1,1.0
60918,2,4,0.5
61159,0,3,0.0
61325,0,4,0.0
61388,0,2,0.0
61509,0,3,0.0
61589,89,158,0.5632911392405063
61878,0,2,0.0
62282,1,3,0.3333333333333333
62322,0,2,0.0
62497,0,2,0.0
62768,0,2,0.0
63098,1,21,0.047619047619047616
63249,1,2,0.5
64065,0,2,0.0
64536,0,4,0.0
64680,0,4,0.0
64859,1,2,0.5
64902,0,2,0.0
65007,22,60,0.36666666666666664
65184,0,2,0.0
65562,0,2,0.0
65687,0,2,0.0
65701,0,2,0.0
67073,0,2,0.0
67252,59,143,0.4125874125874126
67610,1,3,0.3333333333333333
67785,0,2,0.0
68103,0,2,0.0
68480,0,2,0.0
69476,0,2,0.0
69538,0,1,0.0
69797,0,2,0.0
70219,0,1,0.0
70292,1,2,0.5
70438,0,2,0.0
71230,1,2,0.5
72997,0,2,0.0
74473,0,2,0.0
75424,1,2,0.5
76209,0,2,0.0
76401,0,3,0.0
76824,1,2,0.5
77106,0,2,0.0
78030,0,2,0.0
78266,0,4,0.0
78958,0,2,0.0
80561,0,2,0.0
80622,0,2,0.0
81648,0,2,0.0
83282,0,2,0.0
84938,0,2,0.0
85160,0,3,0.0
86467,0,2,0.0
88864,0,2,0.0
90281,0,4,0.0
90590,1,2,0.5
90817,0,2,0.0
91126,1,2,0.5
91476,0,2,0.0
91655,0,3,0.0
92745,0,2,0.0
93718,0,2,0.0
94493,1,2,0.5
94683,0,2,0.0
95849,0,2,0.0
99373,1,2,0.5
100403,1,2,0.5
101659,1,2,0.5
102418,0,2,0.0
102590,0,2,0.0
104907,0,2,0.0
106615,0,3,0.0
107689,1,2,0.5
108541,0,2,0.0
113266,0,8,0.0
113747,1,2,0.5
113855,0,2,0.0
114123,0,2,0.0
